,STNAME,year,population
0,Alabama,1970,3454557
1,Alabama,1971,3497349
2,Alabama,1972,3540003
3,Alabama,1973,3580759
4,Alabama,1974,3627778
5,Alabama,1975,3680495
6,Alabama,1976,3737038
7,Alabama,1977,3782571
8,Alabama,1978,3833971
9,Alabama,1979,3869340
10,Alabama,1980,3899671
11,Alabama,1981,3918526
12,Alabama,1982,3925328
13,Alabama,1983,3934100
14,Alabama,1984,3951766
15,Alabama,1985,3972539
16,Alabama,1986,3991552
17,Alabama,1987,4015266
18,Alabama,1988,4023902
19,Alabama,1989,4030239
20,Alabama,1990,4048526
21,Alabama,1991,4091397
22,Alabama,1992,4139880
23,Alabama,1993,4193639
24,Alabama,1994,4233214
25,Alabama,1995,4263125
26,Alabama,1996,4290678
27,Alabama,1997,4320692
28,Alabama,1998,4350594
29,Alabama,1999,4369224
30,Alabama,2000,4452173
31,Alabama,2001,4467634
32,Alabama,2002,4480089
33,Alabama,2003,4503491
34,Alabama,2004,4530729
35,Alabama,2005,4569805
36,Alabama,2006,4628981
37,Alabama,2007,4672840
38,Alabama,2008,4718206
39,Alabama,2009,4757938
40,Alabama,2010,4785437
41,Alabama,2011,4799069
42,Alabama,2012,4815588
43,Alabama,2013,4830081
44,Alabama,2014,4841799
45,Alabama,2015,4852347
46,Alabama,2016,4863525
47,Alabama,2017,4874486
48,Alabama,2018,4887681
49,Alabama,2019,4903185
50,Alabama,2020,5031362
51,Alabama,2021,5049846
52,Alabama,2022,5074296
53,Alaska,1970,305153
54,Alaska,1971,316148
55,Alaska,1972,326184
56,Alaska,1973,332922
57,Alaska,1974,344393
58,Alaska,1975,370464
59,Alaska,1976,392789
60,Alaska,1977,397071
61,Alaska,1978,402031
62,Alaska,1979,403329
63,Alaska,1980,404680
64,Alaska,1981,418519
65,Alaska,1982,449608
66,Alaska,1983,488423
67,Alaska,1984,513697
68,Alaska,1985,532503
69,Alaska,1986,544270
70,Alaska,1987,539324
71,Alaska,1988,541999
72,Alaska,1989,547170
73,Alaska,1990,553110
74,Alaska,1991,569297
75,Alaska,1992,587105
76,Alaska,1993,596999
77,Alaska,1994,600628
78,Alaska,1995,601349
79,Alaska,1996,604924
80,Alaska,1997,608867
81,Alaska,1998,615292
82,Alaska,1999,619596
83,Alaska,2000,628831
84,Alaska,2001,634582
85,Alaska,2002,643202
86,Alaska,2003,649309
87,Alaska,2004,660220
88,Alaska,2005,667895
89,Alaska,2006,676248
90,Alaska,2007,681255
91,Alaska,2008,688422
92,Alaska,2009,699870
93,Alaska,2010,714878
94,Alaska,2011,723090
95,Alaska,2012,731441
96,Alaska,2013,738094
97,Alaska,2014,737337
98,Alaska,2015,738586
99,Alaska,2016,742588
100,Alaska,2017,740867
101,Alaska,2018,736308
102,Alaska,2019,732728
103,Alaska,2020,734163
104,Alaska,2021,735324
105,Alaska,2022,734664
106,Arizona,1970,1799531
107,Arizona,1971,1896117
108,Arizona,1972,2008852
109,Arizona,1973,2125305
110,Arizona,1974,2224356
111,Arizona,1975,2286342
112,Arizona,1976,2347970
113,Arizona,1977,2427296
114,Arizona,1978,2517851
115,Arizona,1979,2638572
116,Arizona,1980,2735840
117,Arizona,1981,2810110
118,Arizona,1982,2889877
119,Arizona,1983,2968912
120,Arizona,1984,3067125
121,Arizona,1985,3183536
122,Arizona,1986,3308269
123,Arizona,1987,3437097
124,Arizona,1988,3535200
125,Arizona,1989,3622180
126,Arizona,1990,3679118
127,Arizona,1991,3762955
128,Arizona,1992,3868031
129,Arizona,1993,3993996
130,Arizona,1994,4147754
131,Arizona,1995,4307149
132,Arizona,1996,4432497
133,Arizona,1997,4552210
134,Arizona,1998,4666824
135,Arizona,1999,4774104
136,Arizona,2000,5160586
137,Arizona,2001,5273477
138,Arizona,2002,5396255
139,Arizona,2003,5510364
140,Arizona,2004,5652404
141,Arizona,2005,5839077
142,Arizona,2006,6029141
143,Arizona,2007,6167681
144,Arizona,2008,6280362
145,Arizona,2009,6343154
146,Arizona,2010,6407172
147,Arizona,2011,6472643
148,Arizona,2012,6554978
149,Arizona,2013,6632764
150,Arizona,2014,6730413
151,Arizona,2015,6829676
152,Arizona,2016,6941072
153,Arizona,2017,7044008
154,Arizona,2018,7158024
155,Arizona,2019,7278717
156,Arizona,2020,7179943
157,Arizona,2021,7264877
158,Arizona,2022,7359197
159,Arkansas,1970,1932816
160,Arkansas,1971,1971940
161,Arkansas,1972,2017987
162,Arkansas,1973,2058402
163,Arkansas,1974,2100229
164,Arkansas,1975,2158257
165,Arkansas,1976,2168656
166,Arkansas,1977,2207195
167,Arkansas,1978,2240956
168,Arkansas,1979,2269073
169,Arkansas,1980,2288809
170,Arkansas,1981,2293196
171,Arkansas,1982,2294297
172,Arkansas,1983,2305796
173,Arkansas,1984,2319782
174,Arkansas,1985,2327069
175,Arkansas,1986,2331988
176,Arkansas,1987,2342405
177,Arkansas,1988,2342643
178,Arkansas,1989,2346375
179,Arkansas,1990,2354375
180,Arkansas,1991,2371932
181,Arkansas,1992,2395473
182,Arkansas,1993,2426123
183,Arkansas,1994,2453855
184,Arkansas,1995,2484822
185,Arkansas,1996,2510890
186,Arkansas,1997,2529275
187,Arkansas,1998,2543887
188,Arkansas,1999,2558581
189,Arkansas,2000,2678588
190,Arkansas,2001,2691571
191,Arkansas,2002,2705927
192,Arkansas,2003,2724816
193,Arkansas,2004,2749686
194,Arkansas,2005,2781097
195,Arkansas,2006,2821761
196,Arkansas,2007,2848650
197,Arkansas,2008,2874554
198,Arkansas,2009,2896843
199,Arkansas,2010,2921964
200,Arkansas,2011,2940667
201,Arkansas,2012,2952164
202,Arkansas,2013,2959400
203,Arkansas,2014,2967392
204,Arkansas,2015,2978048
205,Arkansas,2016,2989918
206,Arkansas,2017,3001345
207,Arkansas,2018,3009733
208,Arkansas,2019,3017804
209,Arkansas,2020,3014195
210,Arkansas,2021,3028122
211,Arkansas,2022,3045637
212,California,1970,20045806
213,California,1971,20345724
214,California,1972,20584918
215,California,1973,20867894
216,California,1974,21172684
217,California,1975,21536811
218,California,1976,21934604
219,California,1977,22350332
220,California,1978,22839038
221,California,1979,23255178
222,California,1980,23792840
223,California,1981,24285898
224,California,1982,24820025
225,California,1983,25360028
226,California,1984,25844380
227,California,1985,26441100
228,California,1986,27102241
229,California,1987,27777121
230,California,1988,28464230
231,California,1989,29218163
232,California,1990,29951301
233,California,1991,30428825
234,California,1992,30897912
235,California,1993,31163562
236,California,1994,31338929
237,California,1995,31516300
238,California,1996,31802670
239,California,1997,32232517
240,California,1998,32696221
241,California,1999,33169777
242,California,2000,33987977
243,California,2001,34479458
244,California,2002,34871843
245,California,2003,35253159
246,California,2004,35574576
247,California,2005,35827943
248,California,2006,36021202
249,California,2007,36250311
250,California,2008,36604337
251,California,2009,36961229
252,California,2010,37319502
253,California,2011,37638369
254,California,2012,37948800
255,California,2013,38260787
256,California,2014,38596972
257,California,2015,38918045
258,California,2016,39167117
259,California,2017,39358497
260,California,2018,39461588
261,California,2019,39512223
262,California,2020,39501653
263,California,2021,39142991
264,California,2022,39029342
265,Colorado,1970,2228340
266,Colorado,1971,2303608
267,Colorado,1972,2404715
268,Colorado,1973,2495942
269,Colorado,1974,2541424
270,Colorado,1975,2586243
271,Colorado,1976,2632370
272,Colorado,1977,2696179
273,Colorado,1978,2766843
274,Colorado,1979,2849298
275,Colorado,1980,2909545
276,Colorado,1981,2977917
277,Colorado,1982,3061599
278,Colorado,1983,3133614
279,Colorado,1984,3170024
280,Colorado,1985,3208691
281,Colorado,1986,3237457
282,Colorado,1987,3260504
283,Colorado,1988,3262279
284,Colorado,1989,3275826
285,Colorado,1990,3303939
286,Colorado,1991,3368312
287,Colorado,1992,3461034
288,Colorado,1993,3561830
289,Colorado,1994,3654726
290,Colorado,1995,3738874
291,Colorado,1996,3813253
292,Colorado,1997,3891835
293,Colorado,1998,3969993
294,Colorado,1999,4057854
295,Colorado,2000,4326921
296,Colorado,2001,4425687
297,Colorado,2002,4490406
298,Colorado,2003,4528732
299,Colorado,2004,4575013
300,Colorado,2005,4631888
301,Colorado,2006,4720423
302,Colorado,2007,4803868
303,Colorado,2008,4889730
304,Colorado,2009,4972195
305,Colorado,2010,5047349
306,Colorado,2011,5121108
307,Colorado,2012,5192647
308,Colorado,2013,5269035
309,Colorado,2014,5350101
310,Colorado,2015,5450623
311,Colorado,2016,5539215
312,Colorado,2017,5611885
313,Colorado,2018,5691287
314,Colorado,2019,5758736
315,Colorado,2020,5784865
316,Colorado,2021,5811297
317,Colorado,2022,5839926
318,Connecticut,1970,3038035
319,Connecticut,1971,3061455
320,Connecticut,1972,3069631
321,Connecticut,1973,3069158
322,Connecticut,1974,3075790
323,Connecticut,1975,3084745
324,Connecticut,1976,3085999
325,Connecticut,1977,3088745
326,Connecticut,1978,3094869
327,Connecticut,1979,3099931
328,Connecticut,1980,3114221
329,Connecticut,1981,3128849
330,Connecticut,1982,3139008
331,Connecticut,1983,3162366
332,Connecticut,1984,3180017
333,Connecticut,1985,3201120
334,Connecticut,1986,3223744
335,Connecticut,1987,3247304
336,Connecticut,1988,3271957
337,Connecticut,1989,3283420
338,Connecticut,1990,3289201
339,Connecticut,1991,3289029
340,Connecticut,1992,3275796
341,Connecticut,1993,3273191
342,Connecticut,1994,3269084
343,Connecticut,1995,3266033
344,Connecticut,1996,3267402
345,Connecticut,1997,3268896
346,Connecticut,1998,3273627
347,Connecticut,1999,3283174
348,Connecticut,2000,3411777
349,Connecticut,2001,3432835
350,Connecticut,2002,3458749
351,Connecticut,2003,3484336
352,Connecticut,2004,3496094
353,Connecticut,2005,3506956
354,Connecticut,2006,3517460
355,Connecticut,2007,3527270
356,Connecticut,2008,3545579
357,Connecticut,2009,3561807
358,Connecticut,2010,3579114
359,Connecticut,2011,3588283
360,Connecticut,2012,3594547
361,Connecticut,2013,3594841
362,Connecticut,2014,3594524
363,Connecticut,2015,3587122
364,Connecticut,2016,3578141
365,Connecticut,2017,3573297
366,Connecticut,2018,3571520
367,Connecticut,2019,3565287
368,Connecticut,2020,3597362
369,Connecticut,2021,3623355
370,Connecticut,2022,3626205
371,Delaware,1970,551509
372,Delaware,1971,565207
373,Delaware,1972,573824
374,Delaware,1973,579100
375,Delaware,1974,583149
376,Delaware,1975,588737
377,Delaware,1976,592753
378,Delaware,1977,594815
379,Delaware,1978,598183
380,Delaware,1979,598823
381,Delaware,1980,594936
382,Delaware,1981,595974
383,Delaware,1982,599149
384,Delaware,1983,605455
385,Delaware,1984,611567
386,Delaware,1985,618287
387,Delaware,1986,627545
388,Delaware,1987,636950
389,Delaware,1988,647621
390,Delaware,1989,658279
391,Delaware,1990,669085
392,Delaware,1991,680609
393,Delaware,1992,690368
394,Delaware,1993,699664
395,Delaware,1994,708586
396,Delaware,1995,718433
397,Delaware,1996,727213
398,Delaware,1997,735220
399,Delaware,1998,744435
400,Delaware,1999,753407
401,Delaware,2000,786373
402,Delaware,2001,795699
403,Delaware,2002,806169
404,Delaware,2003,818003
405,Delaware,2004,830803
406,Delaware,2005,845150
407,Delaware,2006,859268
408,Delaware,2007,871749
409,Delaware,2008,883874
410,Delaware,2009,891730
411,Delaware,2010,899593
412,Delaware,2011,907381
413,Delaware,2012,915179
414,Delaware,2013,923576
415,Delaware,2014,932487
416,Delaware,2015,941252
417,Delaware,2016,948921
418,Delaware,2017,956823
419,Delaware,2018,965479
420,Delaware,2019,973764
421,Delaware,2020,992114
422,Delaware,2021,1004807
423,Delaware,2022,1018396
424,District of Columbia,1970,755466
425,District of Columbia,1971,750641
426,District of Columbia,1972,743778
427,District of Columbia,1973,733677
428,District of Columbia,1974,720758
429,District of Columbia,1975,710304
430,District of Columbia,1976,696305
431,District of Columbia,1977,681766
432,District of Columbia,1978,670045
433,District of Columbia,1979,655620
434,District of Columbia,1980,637161
435,District of Columbia,1981,636891
436,District of Columbia,1982,634174
437,District of Columbia,1983,632433
438,District of Columbia,1984,633385
439,District of Columbia,1985,634545
440,District of Columbia,1986,638280
441,District of Columbia,1987,636931
442,District of Columbia,1988,630427
443,District of Columbia,1989,624160
444,District of Columbia,1990,603847
445,District of Columbia,1991,593586
446,District of Columbia,1992,584583
447,District of Columbia,1993,576716
448,District of Columbia,1994,565306
449,District of Columbia,1995,551537
450,District of Columbia,1996,538529
451,District of Columbia,1997,528990
452,District of Columbia,1998,521557
453,District of Columbia,1999,521063
454,District of Columbia,2000,572046
455,District of Columbia,2001,574504
456,District of Columbia,2002,573158
457,District of Columbia,2003,568502
458,District of Columbia,2004,567754
459,District of Columbia,2005,567136
460,District of Columbia,2006,570681
461,District of Columbia,2007,574404
462,District of Columbia,2008,580236
463,District of Columbia,2009,592228
464,District of Columbia,2010,605226
465,District of Columbia,2011,619800
466,District of Columbia,2012,634924
467,District of Columbia,2013,650581
468,District of Columbia,2014,662328
469,District of Columbia,2015,675400
470,District of Columbia,2016,685815
471,District of Columbia,2017,694906
472,District of Columbia,2018,701547
473,District of Columbia,2019,705749
474,District of Columbia,2020,670868
475,District of Columbia,2021,668791
476,District of Columbia,2022,671803
477,Florida,1970,6865460
478,Florida,1971,7162971
479,Florida,1972,7520382
480,Florida,1973,7927232
481,Florida,1974,8317073
482,Florida,1975,8541584
483,Florida,1976,8695198
484,Florida,1977,8888806
485,Florida,1978,9131410
486,Florida,1979,9470482
487,Florida,1980,9841159
488,Florida,1981,10192814
489,Florida,1982,10471438
490,Florida,1983,10749908
491,Florida,1984,11039982
492,Florida,1985,11351091
493,Florida,1986,11667511
494,Florida,1987,11997293
495,Florida,1988,12306421
496,Florida,1989,12637697
497,Florida,1990,13018645
498,Florida,1991,13294549
499,Florida,1992,13512406
500,Florida,1993,13723884
501,Florida,1994,13968299
502,Florida,1995,14196978
503,Florida,1996,14439807
504,Florida,1997,14696561
505,Florida,1998,14919136
506,Florida,1999,15113610
507,Florida,2000,16047515
508,Florida,2001,16356966
509,Florida,2002,16689370
510,Florida,2003,17004085
511,Florida,2004,17415318
512,Florida,2005,17842038
513,Florida,2006,18166990
514,Florida,2007,18367842
515,Florida,2008,18527305
516,Florida,2009,18652644
517,Florida,2010,18845537
518,Florida,2011,19053237
519,Florida,2012,19297822
520,Florida,2013,19545621
521,Florida,2014,19845911
522,Florida,2015,20209042
523,Florida,2016,20613477
524,Florida,2017,20963613
525,Florida,2018,21244317
526,Florida,2019,21477737
527,Florida,2020,21589602
528,Florida,2021,21828069
529,Florida,2022,22244823
530,Georgia,1970,4611479
531,Georgia,1971,4709721
532,Georgia,1972,4806621
533,Georgia,1973,4906450
534,Georgia,1974,4994465
535,Georgia,1975,5058099
536,Georgia,1976,5125734
537,Georgia,1977,5211306
538,Georgia,1978,5285688
539,Georgia,1979,5390853
540,Georgia,1980,5484427
541,Georgia,1981,5568420
542,Georgia,1982,5649788
543,Georgia,1983,5728301
544,Georgia,1984,5835018
545,Georgia,1985,5962708
546,Georgia,1986,6084739
547,Georgia,1987,6208502
548,Georgia,1988,6316185
549,Georgia,1989,6411121
550,Georgia,1990,6506585
551,Georgia,1991,6622368
552,Georgia,1992,6760995
553,Georgia,1993,6895609
554,Georgia,1994,7046950
555,Georgia,1995,7189882
556,Georgia,1996,7333341
557,Georgia,1997,7487498
558,Georgia,1998,7635570
559,Georgia,1999,7786307
560,Georgia,2000,8227303
561,Georgia,2001,8377038
562,Georgia,2002,8508256
563,Georgia,2003,8622793
564,Georgia,2004,8769252
565,Georgia,2005,8925922
566,Georgia,2006,9155813
567,Georgia,2007,9349988
568,Georgia,2008,9504843
569,Georgia,2009,9620846
570,Georgia,2010,9711881
571,Georgia,2011,9802431
572,Georgia,2012,9901430
573,Georgia,2013,9972479
574,Georgia,2014,10067278
575,Georgia,2015,10178447
576,Georgia,2016,10301890
577,Georgia,2017,10410330
578,Georgia,2018,10511131
579,Georgia,2019,10617423
580,Georgia,2020,10729828
581,Georgia,2021,10788029
582,Georgia,2022,10912876
583,Hawaii,1970,776177
584,Hawaii,1971,801251
585,Hawaii,1972,827610
586,Hawaii,1973,850517
587,Hawaii,1974,866560
588,Hawaii,1975,884406
589,Hawaii,1976,902061
590,Hawaii,1977,915753
591,Hawaii,1978,928804
592,Hawaii,1979,950042
593,Hawaii,1980,961525
594,Hawaii,1981,978201
595,Hawaii,1982,993775
596,Hawaii,1983,1012718
597,Hawaii,1984,1027923
598,Hawaii,1985,1039689
599,Hawaii,1986,1051767
600,Hawaii,1987,1067914
601,Hawaii,1988,1079830
602,Hawaii,1989,1094587
603,Hawaii,1990,1112747
604,Hawaii,1991,1132944
605,Hawaii,1992,1151612
606,Hawaii,1993,1162609
607,Hawaii,1994,1174004
608,Hawaii,1995,1180010
609,Hawaii,1996,1183600
610,Hawaii,1997,1188140
611,Hawaii,1998,1188452
612,Hawaii,1999,1180408
613,Hawaii,2000,1213519
614,Hawaii,2001,1225948
615,Hawaii,2002,1239613
616,Hawaii,2003,1251154
617,Hawaii,2004,1273569
618,Hawaii,2005,1292729
619,Hawaii,2006,1309731
620,Hawaii,2007,1315675
621,Hawaii,2008,1332213
622,Hawaii,2009,1346717
623,Hawaii,2010,1363963
624,Hawaii,2011,1379329
625,Hawaii,2012,1394804
626,Hawaii,2013,1408243
627,Hawaii,2014,1414538
628,Hawaii,2015,1422052
629,Hawaii,2016,1427559
630,Hawaii,2017,1424393
631,Hawaii,2018,1420593
632,Hawaii,2019,1415872
633,Hawaii,2020,1451043
634,Hawaii,2021,1447154
635,Hawaii,2022,1440196
636,Idaho,1970,718147
637,Idaho,1971,738856
638,Idaho,1972,763315
639,Idaho,1973,782142
640,Idaho,1974,808043
641,Idaho,1975,832061
642,Idaho,1976,857076
643,Idaho,1977,883539
644,Idaho,1978,911042
645,Idaho,1979,932725
646,Idaho,1980,948582
647,Idaho,1981,962244
648,Idaho,1982,973714
649,Idaho,1983,981895
650,Idaho,1984,990811
651,Idaho,1985,994050
652,Idaho,1986,990259
653,Idaho,1987,985010
654,Idaho,1988,985680
655,Idaho,1989,994396
656,Idaho,1990,1011891
657,Idaho,1991,1038790
658,Idaho,1992,1066993
659,Idaho,1993,1101698
660,Idaho,1994,1135582
661,Idaho,1995,1165100
662,Idaho,1996,1188134
663,Idaho,1997,1210676
664,Idaho,1998,1231545
665,Idaho,1999,1251870
666,Idaho,2000,1299430
667,Idaho,2001,1319962
668,Idaho,2002,1340372
669,Idaho,2003,1363380
670,Idaho,2004,1391802
671,Idaho,2005,1428241
672,Idaho,2006,1468669
673,Idaho,2007,1505105
674,Idaho,2008,1534320
675,Idaho,2009,1554439
676,Idaho,2010,1570746
677,Idaho,2011,1583910
678,Idaho,2012,1595324
679,Idaho,2013,1611206
680,Idaho,2014,1631112
681,Idaho,2015,1651059
682,Idaho,2016,1682380
683,Idaho,2017,1717715
684,Idaho,2018,1750536
685,Idaho,2019,1787065
686,Idaho,2020,1849202
687,Idaho,2021,1904314
688,Idaho,2022,1939033
689,Illinois,1970,11129316
690,Illinois,1971,11205953
691,Illinois,1972,11258208
692,Illinois,1973,11260386
693,Illinois,1974,11273801
694,Illinois,1975,11306443
695,Illinois,1976,11360331
696,Illinois,1977,11406331
697,Illinois,1978,11434520
698,Illinois,1979,11422890
699,Illinois,1980,11435454
700,Illinois,1981,11443511
701,Illinois,1982,11423449
702,Illinois,1983,11408779
703,Illinois,1984,11412194
704,Illinois,1985,11399816
705,Illinois,1986,11387247
706,Illinois,1987,11391175
707,Illinois,1988,11390222
708,Illinois,1989,11409801
709,Illinois,1990,11447418
710,Illinois,1991,11539133
711,Illinois,1992,11639811
712,Illinois,1993,11730601
713,Illinois,1994,11808803
714,Illinois,1995,11879690
715,Illinois,1996,11947905
716,Illinois,1997,12006418
717,Illinois,1998,12067031
718,Illinois,1999,12128399
719,Illinois,2000,12434161
720,Illinois,2001,12488445
721,Illinois,2002,12525556
722,Illinois,2003,12556006
723,Illinois,2004,12589773
724,Illinois,2005,12609903
725,Illinois,2006,12643955
726,Illinois,2007,12695866
727,Illinois,2008,12747038
728,Illinois,2009,12796778
729,Illinois,2010,12840503
730,Illinois,2011,12867454
731,Illinois,2012,12882510
732,Illinois,2013,12895129
733,Illinois,2014,12884493
734,Illinois,2015,12858913
735,Illinois,2016,12820527
736,Illinois,2017,12778828
737,Illinois,2018,12723071
738,Illinois,2019,12671821
739,Illinois,2020,12786580
740,Illinois,2021,12686469
741,Illinois,2022,12582032
742,Indiana,1970,5206262
743,Indiana,1971,5250028
744,Indiana,1972,5296219
745,Indiana,1973,5329163
746,Indiana,1974,5349955
747,Indiana,1975,5351155
748,Indiana,1976,5371615
749,Indiana,1977,5405151
750,Indiana,1978,5446484
751,Indiana,1979,5474976
752,Indiana,1980,5492740
753,Indiana,1981,5480482
754,Indiana,1982,5467946
755,Indiana,1983,5450407
756,Indiana,1984,5458334
757,Indiana,1985,5459201
758,Indiana,1986,5454137
759,Indiana,1987,5473040
760,Indiana,1988,5491729
761,Indiana,1989,5523668
762,Indiana,1990,5555107
763,Indiana,1991,5602755
764,Indiana,1992,5649742
765,Indiana,1993,5702928
766,Indiana,1994,5746110
767,Indiana,1995,5792645
768,Indiana,1996,5835611
769,Indiana,1997,5873363
770,Indiana,1998,5905492
771,Indiana,1999,5939934
772,Indiana,2000,6091866
773,Indiana,2001,6127760
774,Indiana,2002,6155967
775,Indiana,2003,6196638
776,Indiana,2004,6233007
777,Indiana,2005,6278616
778,Indiana,2006,6332669
779,Indiana,2007,6379599
780,Indiana,2008,6424806
781,Indiana,2009,6459325
782,Indiana,2010,6490432
783,Indiana,2011,6516528
784,Indiana,2012,6537703
785,Indiana,2013,6568713
786,Indiana,2014,6593644
787,Indiana,2015,6608422
788,Indiana,2016,6634304
789,Indiana,2017,6658078
790,Indiana,2018,6695497
791,Indiana,2019,6732219
792,Indiana,2020,6788799
793,Indiana,2021,6813532
794,Indiana,2022,6833037
795,Iowa,1970,2830777
796,Iowa,1971,2851875
797,Iowa,1972,2860464
798,Iowa,1973,2864033
799,Iowa,1974,2867942
800,Iowa,1975,2881482
801,Iowa,1976,2903776
802,Iowa,1977,2914404
803,Iowa,1978,2919047
804,Iowa,1979,2916824
805,Iowa,1980,2915562
806,Iowa,1981,2908003
807,Iowa,1982,2888209
808,Iowa,1983,2870580
809,Iowa,1984,2858631
810,Iowa,1985,2829691
811,Iowa,1986,2791923
812,Iowa,1987,2767011
813,Iowa,1988,2768370
814,Iowa,1989,2770581
815,Iowa,1990,2779806
816,Iowa,1991,2791504
817,Iowa,1992,2807284
818,Iowa,1993,2820824
819,Iowa,1994,2829576
820,Iowa,1995,2841128
821,Iowa,1996,2848674
822,Iowa,1997,2854745
823,Iowa,1998,2861377
824,Iowa,1999,2870906
825,Iowa,2000,2929067
826,Iowa,2001,2931997
827,Iowa,2002,2934234
828,Iowa,2003,2941999
829,Iowa,2004,2953635
830,Iowa,2005,2964454
831,Iowa,2006,2982644
832,Iowa,2007,2999212
833,Iowa,2008,3016734
834,Iowa,2009,3032870
835,Iowa,2010,3050745
836,Iowa,2011,3066336
837,Iowa,2012,3076190
838,Iowa,2013,3092997
839,Iowa,2014,3109350
840,Iowa,2015,3120960
841,Iowa,2016,3131371
842,Iowa,2017,3141550
843,Iowa,2018,3148618
844,Iowa,2019,3155070
845,Iowa,2020,3190571
846,Iowa,2021,3197689
847,Iowa,2022,3200517
848,Kansas,1970,2248359
849,Kansas,1971,2246461
850,Kansas,1972,2255791
851,Kansas,1973,2264585
852,Kansas,1974,2268075
853,Kansas,1975,2278947
854,Kansas,1976,2298892
855,Kansas,1977,2318147
856,Kansas,1978,2333141
857,Kansas,1979,2347705
858,Kansas,1980,2370088
859,Kansas,1981,2384813
860,Kansas,1982,2401220
861,Kansas,1983,2415565
862,Kansas,1984,2424119
863,Kansas,1985,2427428
864,Kansas,1986,2432638
865,Kansas,1987,2445422
866,Kansas,1988,2462057
867,Kansas,1989,2472864
868,Kansas,1990,2480705
869,Kansas,1991,2495521
870,Kansas,1992,2526496
871,Kansas,1993,2548101
872,Kansas,1994,2569464
873,Kansas,1995,2587413
874,Kansas,1996,2598639
875,Kansas,1997,2616888
876,Kansas,1998,2639582
877,Kansas,1999,2654727
878,Kansas,2000,2693681
879,Kansas,2001,2702162
880,Kansas,2002,2713535
881,Kansas,2003,2723004
882,Kansas,2004,2734373
883,Kansas,2005,2745299
884,Kansas,2006,2762931
885,Kansas,2007,2783785
886,Kansas,2008,2808076
887,Kansas,2009,2832704
888,Kansas,2010,2858190
889,Kansas,2011,2869225
890,Kansas,2012,2885257
891,Kansas,2013,2893212
892,Kansas,2014,2900475
893,Kansas,2015,2909011
894,Kansas,2016,2910844
895,Kansas,2017,2908718
896,Kansas,2018,2911359
897,Kansas,2019,2913314
898,Kansas,2020,2937919
899,Kansas,2021,2937922
900,Kansas,2022,2937150
901,Kentucky,1970,3236121
902,Kentucky,1971,3298565
903,Kentucky,1972,3336275
904,Kentucky,1973,3371741
905,Kentucky,1974,3417229
906,Kentucky,1975,3468957
907,Kentucky,1976,3530680
908,Kentucky,1977,3575221
909,Kentucky,1978,3611577
910,Kentucky,1979,3643920
911,Kentucky,1980,3665364
912,Kentucky,1981,3670396
913,Kentucky,1982,3683427
914,Kentucky,1983,3694465
915,Kentucky,1984,3695426
916,Kentucky,1985,3694833
917,Kentucky,1986,3687821
918,Kentucky,1987,3683341
919,Kentucky,1988,3679990
920,Kentucky,1989,3677287
921,Kentucky,1990,3692596
922,Kentucky,1991,3715003
923,Kentucky,1992,3752102
924,Kentucky,1993,3792690
925,Kentucky,1994,3823411
926,Kentucky,1995,3855526
927,Kentucky,1996,3881264
928,Kentucky,1997,3908047
929,Kentucky,1998,3934140
930,Kentucky,1999,3960119
931,Kentucky,2000,4049021
932,Kentucky,2001,4068132
933,Kentucky,2002,4089875
934,Kentucky,2003,4117170
935,Kentucky,2004,4146101
936,Kentucky,2005,4182742
937,Kentucky,2006,4219239
938,Kentucky,2007,4256672
939,Kentucky,2008,4289878
940,Kentucky,2009,4317074
941,Kentucky,2010,4348181
942,Kentucky,2011,4369821
943,Kentucky,2012,4386346
944,Kentucky,2013,4404659
945,Kentucky,2014,4414349
946,Kentucky,2015,4425976
947,Kentucky,2016,4438182
948,Kentucky,2017,4452268
949,Kentucky,2018,4461153
950,Kentucky,2019,4467673
951,Kentucky,2020,4507445
952,Kentucky,2021,4506589
953,Kentucky,2022,4512310
954,Louisiana,1970,3657391
955,Louisiana,1971,3710415
956,Louisiana,1972,3761799
957,Louisiana,1973,3788684
958,Louisiana,1974,3820684
959,Louisiana,1975,3886835
960,Louisiana,1976,3951506
961,Louisiana,1977,4015423
962,Louisiana,1978,4073143
963,Louisiana,1979,4139128
964,Louisiana,1980,4221583
965,Louisiana,1981,4283312
966,Louisiana,1982,4352625
967,Louisiana,1983,4395334
968,Louisiana,1984,4400521
969,Louisiana,1985,4408128
970,Louisiana,1986,4406953
971,Louisiana,1987,4344222
972,Louisiana,1988,4288939
973,Louisiana,1989,4252958
974,Louisiana,1990,4219164
975,Louisiana,1991,4241373
976,Louisiana,1992,4271387
977,Louisiana,1993,4285128
978,Louisiana,1994,4306550
979,Louisiana,1995,4328217
980,Louisiana,1996,4338864
981,Louisiana,1997,4351680
982,Louisiana,1998,4361664
983,Louisiana,1999,4372680
984,Louisiana,2000,4471885
985,Louisiana,2001,4477875
986,Louisiana,2002,4497267
987,Louisiana,2003,4521042
988,Louisiana,2004,4552238
989,Louisiana,2005,4576628
990,Louisiana,2006,4302665
991,Louisiana,2007,4375581
992,Louisiana,2008,4435586
993,Louisiana,2009,4491648
994,Louisiana,2010,4544532
995,Louisiana,2011,4575625
996,Louisiana,2012,4600972
997,Louisiana,2013,4624527
998,Louisiana,2014,4644013
999,Louisiana,2015,4664628
1000,Louisiana,2016,4678135
1001,Louisiana,2017,4670560
1002,Louisiana,2018,4659690
1003,Louisiana,2019,4648794
1004,Louisiana,2020,4651664
1005,Louisiana,2021,4627098
1006,Louisiana,2022,4590241
1007,Maine,1970,998135
1008,Maine,1971,1015679
1009,Maine,1972,1034816
1010,Maine,1973,1046432
1011,Maine,1974,1060069
1012,Maine,1975,1073287
1013,Maine,1976,1089964
1014,Maine,1977,1105357
1015,Maine,1978,1115461
1016,Maine,1979,1124939
1017,Maine,1980,1127825
1018,Maine,1981,1133039
1019,Maine,1982,1136698
1020,Maine,1983,1144777
1021,Maine,1984,1155646
1022,Maine,1985,1162942
1023,Maine,1986,1170120
1024,Maine,1987,1184588
1025,Maine,1988,1203850
1026,Maine,1989,1219968
1027,Maine,1990,1231287
1028,Maine,1991,1234898
1029,Maine,1992,1234562
1030,Maine,1993,1236572
1031,Maine,1994,1235099
1032,Maine,1995,1234086
1033,Maine,1996,1237834
1034,Maine,1997,1241645
1035,Maine,1998,1244055
1036,Maine,1999,1249750
1037,Maine,2000,1277072
1038,Maine,2001,1285692
1039,Maine,2002,1295960
1040,Maine,2003,1306513
1041,Maine,2004,1313688
1042,Maine,2005,1318787
1043,Maine,2006,1323619
1044,Maine,2007,1327040
1045,Maine,2008,1330509
1046,Maine,2009,1329590
1047,Maine,2010,1327629
1048,Maine,2011,1328284
1049,Maine,2012,1327729
1050,Maine,2013,1328009
1051,Maine,2014,1330513
1052,Maine,2015,1328262
1053,Maine,2016,1331317
1054,Maine,2017,1334612
1055,Maine,2018,1339057
1056,Maine,2019,1344212
1057,Maine,2020,1363557
1058,Maine,2021,1377238
1059,Maine,2022,1385340
1060,Maryland,1970,3943493
1061,Maryland,1971,4022470
1062,Maryland,1972,4081123
1063,Maryland,1973,4109069
1064,Maryland,1974,4133329
1065,Maryland,1975,4157172
1066,Maryland,1976,4172112
1067,Maryland,1977,4194629
1068,Maryland,1978,4211619
1069,Maryland,1979,4223366
1070,Maryland,1980,4226191
1071,Maryland,1981,4261930
1072,Maryland,1982,4282946
1073,Maryland,1983,4313319
1074,Maryland,1984,4365282
1075,Maryland,1985,4413118
1076,Maryland,1986,4487008
1077,Maryland,1987,4565574
1078,Maryland,1988,4657894
1079,Maryland,1989,4727303
1080,Maryland,1990,4797625
1081,Maryland,1991,4856816
1082,Maryland,1992,4903785
1083,Maryland,1993,4943601
1084,Maryland,1994,4986141
1085,Maryland,1995,5024521
1086,Maryland,1996,5057978
1087,Maryland,1997,5094952
1088,Maryland,1998,5133748
1089,Maryland,1999,5175466
1090,Maryland,2000,5311034
1091,Maryland,2001,5374691
1092,Maryland,2002,5440389
1093,Maryland,2003,5496269
1094,Maryland,2004,5546935
1095,Maryland,2005,5592379
1096,Maryland,2006,5627367
1097,Maryland,2007,5653408
1098,Maryland,2008,5684965
1099,Maryland,2009,5730388
1100,Maryland,2010,5788645
1101,Maryland,2011,5839419
1102,Maryland,2012,5886992
1103,Maryland,2013,5923188
1104,Maryland,2014,5957283
1105,Maryland,2015,5985562
1106,Maryland,2016,6003323
1107,Maryland,2017,6023868
1108,Maryland,2018,6035802
1109,Maryland,2019,6045680
1110,Maryland,2020,6173205
1111,Maryland,2021,6174610
1112,Maryland,2022,6164660
1113,Massachusetts,1970,5699034
1114,Massachusetts,1971,5738634
1115,Massachusetts,1972,5762150
1116,Massachusetts,1973,5783836
1117,Massachusetts,1974,5777027
1118,Massachusetts,1975,5762168
1119,Massachusetts,1976,5748885
1120,Massachusetts,1977,5744117
1121,Massachusetts,1978,5742953
1122,Massachusetts,1979,5746212
1123,Massachusetts,1980,5748441
1124,Massachusetts,1981,5768702
1125,Massachusetts,1982,5771203
1126,Massachusetts,1983,5799434
1127,Massachusetts,1984,5840782
1128,Massachusetts,1985,5880748
1129,Massachusetts,1986,5902658
1130,Massachusetts,1987,5935207
1131,Massachusetts,1988,5979997
1132,Massachusetts,1989,6015492
1133,Massachusetts,1990,6018915
1134,Massachusetts,1991,5999910
1135,Massachusetts,1992,5995341
1136,Massachusetts,1993,6012287
1137,Massachusetts,1994,6031966
1138,Massachusetts,1995,6062684
1139,Massachusetts,1996,6085720
1140,Massachusetts,1997,6116556
1141,Massachusetts,1998,6146726
1142,Massachusetts,1999,6176411
1143,Massachusetts,2000,6361104
1144,Massachusetts,2001,6397634
1145,Massachusetts,2002,6417206
1146,Massachusetts,2003,6422565
1147,Massachusetts,2004,6412281
1148,Massachusetts,2005,6403290
1149,Massachusetts,2006,6410084
1150,Massachusetts,2007,6431559
1151,Massachusetts,2008,6468967
1152,Massachusetts,2009,6517613
1153,Massachusetts,2010,6566307
1154,Massachusetts,2011,6613583
1155,Massachusetts,2012,6663005
1156,Massachusetts,2013,6713315
1157,Massachusetts,2014,6762596
1158,Massachusetts,2015,6794228
1159,Massachusetts,2016,6823608
1160,Massachusetts,2017,6859789
1161,Massachusetts,2018,6882635
1162,Massachusetts,2019,6892503
1163,Massachusetts,2020,6995729
1164,Massachusetts,2021,6989690
1165,Massachusetts,2022,6981974
1166,Michigan,1970,8899844
1167,Michigan,1971,8971957
1168,Michigan,1972,9024729
1169,Michigan,1973,9071832
1170,Michigan,1974,9109456
1171,Michigan,1975,9107933
1172,Michigan,1976,9117539
1173,Michigan,1977,9157357
1174,Michigan,1978,9202029
1175,Michigan,1979,9248893
1176,Michigan,1980,9256676
1177,Michigan,1981,9209352
1178,Michigan,1982,9115204
1179,Michigan,1983,9047772
1180,Michigan,1984,9049453
1181,Michigan,1985,9076282
1182,Michigan,1986,9127778
1183,Michigan,1987,9187469
1184,Michigan,1988,9218025
1185,Michigan,1989,9253339
1186,Michigan,1990,9310655
1187,Michigan,1991,9397014
1188,Michigan,1992,9472604
1189,Michigan,1993,9530755
1190,Michigan,1994,9585267
1191,Michigan,1995,9660490
1192,Michigan,1996,9739509
1193,Michigan,1997,9786240
1194,Michigan,1998,9821330
1195,Michigan,1999,9866392
1196,Michigan,2000,9952450
1197,Michigan,2001,9991120
1198,Michigan,2002,10015710
1199,Michigan,2003,10041152
1200,Michigan,2004,10055315
1201,Michigan,2005,10051137
1202,Michigan,2006,10036081
1203,Michigan,2007,10001284
1204,Michigan,2008,9946889
1205,Michigan,2009,9901591
1206,Michigan,2010,9877510
1207,Michigan,2011,9882412
1208,Michigan,2012,9897145
1209,Michigan,2013,9913065
1210,Michigan,2014,9929848
1211,Michigan,2015,9931715
1212,Michigan,2016,9950571
1213,Michigan,2017,9973114
1214,Michigan,2018,9984072
1215,Michigan,2019,9986857
1216,Michigan,2020,10069577
1217,Michigan,2021,10037504
1218,Michigan,2022,10034113
1219,Minnesota,1970,3815381
1220,Minnesota,1971,3851972
1221,Minnesota,1972,3866890
1222,Minnesota,1973,3885200
1223,Minnesota,1974,3898512
1224,Minnesota,1975,3925808
1225,Minnesota,1976,3956673
1226,Minnesota,1977,3979937
1227,Minnesota,1978,4004738
1228,Minnesota,1979,4038217
1229,Minnesota,1980,4086746
1230,Minnesota,1981,4111752
1231,Minnesota,1982,4131469
1232,Minnesota,1983,4141479
1233,Minnesota,1984,4157708
1234,Minnesota,1985,4184290
1235,Minnesota,1986,4205257
1236,Minnesota,1987,4235173
1237,Minnesota,1988,4296162
1238,Minnesota,1989,4338036
1239,Minnesota,1990,4387305
1240,Minnesota,1991,4428057
1241,Minnesota,1992,4472412
1242,Minnesota,1993,4522449
1243,Minnesota,1994,4566481
1244,Minnesota,1995,4605959
1245,Minnesota,1996,4648142
1246,Minnesota,1997,4688281
1247,Minnesota,1998,4727678
1248,Minnesota,1999,4777055
1249,Minnesota,2000,4933692
1250,Minnesota,2001,4982796
1251,Minnesota,2002,5018935
1252,Minnesota,2003,5053572
1253,Minnesota,2004,5087713
1254,Minnesota,2005,5119598
1255,Minnesota,2006,5163555
1256,Minnesota,2007,5207203
1257,Minnesota,2008,5247018
1258,Minnesota,2009,5281203
1259,Minnesota,2010,5310828
1260,Minnesota,2011,5346143
1261,Minnesota,2012,5376643
1262,Minnesota,2013,5413479
1263,Minnesota,2014,5451079
1264,Minnesota,2015,5482032
1265,Minnesota,2016,5522744
1266,Minnesota,2017,5566230
1267,Minnesota,2018,5606249
1268,Minnesota,2019,5639632
1269,Minnesota,2020,5709852
1270,Minnesota,2021,5711471
1271,Minnesota,2022,5717184
1272,Mississippi,1970,2226138
1273,Mississippi,1971,2265118
1274,Mississippi,1972,2306980
1275,Mississippi,1973,2349565
1276,Mississippi,1974,2378460
1277,Mississippi,1975,2399711
1278,Mississippi,1976,2430110
1279,Mississippi,1977,2459607
1280,Mississippi,1978,2487840
1281,Mississippi,1979,2507743
1282,Mississippi,1980,2524011
1283,Mississippi,1981,2539038
1284,Mississippi,1982,2556810
1285,Mississippi,1983,2567731
1286,Mississippi,1984,2578030
1287,Mississippi,1985,2588120
1288,Mississippi,1986,2593609
1289,Mississippi,1987,2588571
1290,Mississippi,1988,2580377
1291,Mississippi,1989,2574306
1292,Mississippi,1990,2577445
1293,Mississippi,1991,2591427
1294,Mississippi,1992,2610469
1295,Mississippi,1993,2635787
1296,Mississippi,1994,2663484
1297,Mississippi,1995,2690902
1298,Mississippi,1996,2710046
1299,Mississippi,1997,2732574
1300,Mississippi,1998,2754047
1301,Mississippi,1999,2771275
1302,Mississippi,2000,2848353
1303,Mississippi,2001,2852994
1304,Mississippi,2002,2858681
1305,Mississippi,2003,2868312
1306,Mississippi,2004,2889010
1307,Mississippi,2005,2905943
1308,Mississippi,2006,2904978
1309,Mississippi,2007,2928350
1310,Mississippi,2008,2947806
1311,Mississippi,2009,2958774
1312,Mississippi,2010,2970548
1313,Mississippi,2011,2978731
1314,Mississippi,2012,2983816
1315,Mississippi,2013,2988711
1316,Mississippi,2014,2990468
1317,Mississippi,2015,2988471
1318,Mississippi,2016,2987938
1319,Mississippi,2017,2988510
1320,Mississippi,2018,2981020
1321,Mississippi,2019,2976149
1322,Mississippi,2020,2958141
1323,Mississippi,2021,2949586
1324,Mississippi,2022,2940057
1325,Missouri,1970,4686588
1326,Missouri,1971,4722984
1327,Missouri,1972,4753328
1328,Missouri,1973,4774667
1329,Missouri,1974,4785480
1330,Missouri,1975,4795560
1331,Missouri,1976,4823715
1332,Missouri,1977,4845283
1333,Missouri,1978,4871354
1334,Missouri,1979,4889416
1335,Missouri,1980,4923025
1336,Missouri,1981,4932103
1337,Missouri,1982,4929471
1338,Missouri,1983,4943767
1339,Missouri,1984,4975276
1340,Missouri,1985,5000286
1341,Missouri,1986,5023077
1342,Missouri,1987,5056727
1343,Missouri,1988,5081731
1344,Missouri,1989,5095833
1345,Missouri,1990,5126424
1346,Missouri,1991,5158406
1347,Missouri,1992,5194605
1348,Missouri,1993,5238541
1349,Missouri,1994,5281632
1350,Missouri,1995,5325157
1351,Missouri,1996,5368196
1352,Missouri,1997,5407580
1353,Missouri,1998,5437935
1354,Missouri,1999,5467820
1355,Missouri,2000,5607285
1356,Missouri,2001,5641142
1357,Missouri,2002,5674825
1358,Missouri,2003,5709403
1359,Missouri,2004,5747741
1360,Missouri,2005,5790300
1361,Missouri,2006,5842704
1362,Missouri,2007,5887612
1363,Missouri,2008,5923916
1364,Missouri,2009,5961088
1365,Missouri,2010,5995974
1366,Missouri,2011,6010275
1367,Missouri,2012,6024367
1368,Missouri,2013,6040715
1369,Missouri,2014,6056202
1370,Missouri,2015,6071732
1371,Missouri,2016,6087135
1372,Missouri,2017,6106670
1373,Missouri,2018,6121623
1374,Missouri,2019,6137428
1375,Missouri,2020,6153998
1376,Missouri,2021,6169823
1377,Missouri,2022,6177957
1378,Montana,1970,697665
1379,Montana,1971,711153
1380,Montana,1972,719272
1381,Montana,1973,727504
1382,Montana,1974,737316
1383,Montana,1975,749209
1384,Montana,1976,758597
1385,Montana,1977,771428
1386,Montana,1978,784108
1387,Montana,1979,789255
1388,Montana,1980,788754
1389,Montana,1981,795330
1390,Montana,1982,803966
1391,Montana,1983,814009
1392,Montana,1984,820868
1393,Montana,1985,822326
1394,Montana,1986,813770
1395,Montana,1987,805084
1396,Montana,1988,800194
1397,Montana,1989,799657
1398,Montana,1990,799861
1399,Montana,1991,807924
1400,Montana,1992,822526
1401,Montana,1993,839977
1402,Montana,1994,854950
1403,Montana,1995,868574
1404,Montana,1996,876659
1405,Montana,1997,878720
1406,Montana,1998,879701
1407,Montana,1999,883162
1408,Montana,2000,903773
1409,Montana,2001,906961
1410,Montana,2002,911667
1411,Montana,2003,919630
1412,Montana,2004,930009
1413,Montana,2005,940102
1414,Montana,2006,952692
1415,Montana,2007,964706
1416,Montana,2008,976415
1417,Montana,2009,983982
1418,Montana,2010,990697
1419,Montana,2011,997316
1420,Montana,2012,1003783
1421,Montana,2013,1013569
1422,Montana,2014,1021869
1423,Montana,2015,1030475
1424,Montana,2016,1040859
1425,Montana,2017,1052482
1426,Montana,2018,1060665
1427,Montana,2019,1068778
1428,Montana,2020,1087075
1429,Montana,2021,1106227
1430,Montana,2022,1122867
1431,Nebraska,1970,1489064
1432,Nebraska,1971,1504425
1433,Nebraska,1972,1518356
1434,Nebraska,1973,1528599
1435,Nebraska,1974,1537905
1436,Nebraska,1975,1541653
1437,Nebraska,1976,1549128
1438,Nebraska,1977,1554759
1439,Nebraska,1978,1561134
1440,Nebraska,1979,1564670
1441,Nebraska,1980,1572854
1442,Nebraska,1981,1578481
1443,Nebraska,1982,1581747
1444,Nebraska,1983,1584296
1445,Nebraska,1984,1588598
1446,Nebraska,1985,1584659
1447,Nebraska,1986,1574301
1448,Nebraska,1987,1566549
1449,Nebraska,1988,1571465
1450,Nebraska,1989,1574848
1451,Nebraska,1990,1580682
1452,Nebraska,1991,1590971
1453,Nebraska,1992,1602662
1454,Nebraska,1993,1612409
1455,Nebraska,1994,1621695
1456,Nebraska,1995,1635370
1457,Nebraska,1996,1647818
1458,Nebraska,1997,1656173
1459,Nebraska,1998,1661259
1460,Nebraska,1999,1665876
1461,Nebraska,2000,1713820
1462,Nebraska,2001,1719836
1463,Nebraska,2002,1728292
1464,Nebraska,2003,1738643
1465,Nebraska,2004,1749370
1466,Nebraska,2005,1761497
1467,Nebraska,2006,1772693
1468,Nebraska,2007,1783440
1469,Nebraska,2008,1796378
1470,Nebraska,2009,1812683
1471,Nebraska,2010,1829542
1472,Nebraska,2011,1840672
1473,Nebraska,2012,1853303
1474,Nebraska,2013,1865279
1475,Nebraska,2014,1879321
1476,Nebraska,2015,1891277
1477,Nebraska,2016,1905616
1478,Nebraska,2017,1915947
1479,Nebraska,2018,1925614
1480,Nebraska,2019,1934408
1481,Nebraska,2020,1962642
1482,Nebraska,2021,1963554
1483,Nebraska,2022,1967923
1484,Nevada,1970,494996
1485,Nevada,1971,520027
1486,Nevada,1972,546805
1487,Nevada,1973,568946
1488,Nevada,1974,596747
1489,Nevada,1975,619877
1490,Nevada,1976,646870
1491,Nevada,1977,678154
1492,Nevada,1978,719391
1493,Nevada,1979,765194
1494,Nevada,1980,810232
1495,Nevada,1981,847644
1496,Nevada,1982,881550
1497,Nevada,1983,901987
1498,Nevada,1984,924917
1499,Nevada,1985,951040
1500,Nevada,1986,980635
1501,Nevada,1987,1023357
1502,Nevada,1988,1075033
1503,Nevada,1989,1137391
1504,Nevada,1990,1218665
1505,Nevada,1991,1285334
1506,Nevada,1992,1331019
1507,Nevada,1993,1380513
1508,Nevada,1994,1456505
1509,Nevada,1995,1525791
1510,Nevada,1996,1596380
1511,Nevada,1997,1678236
1512,Nevada,1998,1750247
1513,Nevada,1999,1813880
1514,Nevada,2000,2018741
1515,Nevada,2001,2098399
1516,Nevada,2002,2173791
1517,Nevada,2003,2248850
1518,Nevada,2004,2346222
1519,Nevada,2005,2432143
1520,Nevada,2006,2522658
1521,Nevada,2007,2601072
1522,Nevada,2008,2653630
1523,Nevada,2009,2684665
1524,Nevada,2010,2702405
1525,Nevada,2011,2712730
1526,Nevada,2012,2743996
1527,Nevada,2013,2775970
1528,Nevada,2014,2817628
1529,Nevada,2015,2866939
1530,Nevada,2016,2917563
1531,Nevada,2017,2969905
1532,Nevada,2018,3027341
1533,Nevada,2019,3080156
1534,Nevada,2020,3115648
1535,Nevada,2021,3146402
1536,Nevada,2022,3177772
1537,New Hampshire,1970,742566
1538,New Hampshire,1971,762190
1539,New Hampshire,1972,781710
1540,New Hampshire,1973,801832
1541,New Hampshire,1974,817071
1542,New Hampshire,1975,830038
1543,New Hampshire,1976,847025
1544,New Hampshire,1977,871873
1545,New Hampshire,1978,893981
1546,New Hampshire,1979,911900
1547,New Hampshire,1980,924802
1548,New Hampshire,1981,936630
1549,New Hampshire,1982,947716
1550,New Hampshire,1983,958127
1551,New Hampshire,1984,976879
1552,New Hampshire,1985,996760
1553,New Hampshire,1986,1025069
1554,New Hampshire,1987,1054291
1555,New Hampshire,1988,1082583
1556,New Hampshire,1989,1104519
1557,New Hampshire,1990,1111841
1558,New Hampshire,1991,1107201
1559,New Hampshire,1992,1112830
1560,New Hampshire,1993,1122253
1561,New Hampshire,1994,1133053
1562,New Hampshire,1995,1145679
1563,New Hampshire,1996,1160398
1564,New Hampshire,1997,1172656
1565,New Hampshire,1998,1186616
1566,New Hampshire,1999,1200085
1567,New Hampshire,2000,1239882
1568,New Hampshire,2001,1255517
1569,New Hampshire,2002,1269089
1570,New Hampshire,2003,1279840
1571,New Hampshire,2004,1290121
1572,New Hampshire,2005,1298492
1573,New Hampshire,2006,1308389
1574,New Hampshire,2007,1312540
1575,New Hampshire,2008,1315906
1576,New Hampshire,2009,1316102
1577,New Hampshire,2010,1316762
1578,New Hampshire,2011,1320202
1579,New Hampshire,2012,1324232
1580,New Hampshire,2013,1326622
1581,New Hampshire,2014,1333341
1582,New Hampshire,2015,1336350
1583,New Hampshire,2016,1342307
1584,New Hampshire,2017,1348787
1585,New Hampshire,2018,1353465
1586,New Hampshire,2019,1359711
1587,New Hampshire,2020,1378587
1588,New Hampshire,2021,1387505
1589,New Hampshire,2022,1395231
1590,New Jersey,1970,7193210
1591,New Jersey,1971,7281992
1592,New Jersey,1972,7336570
1593,New Jersey,1973,7335280
1594,New Jersey,1974,7335230
1595,New Jersey,1975,7341399
1596,New Jersey,1976,7344079
1597,New Jersey,1977,7342023
1598,New Jersey,1978,7356425
1599,New Jersey,1979,7373065
1600,New Jersey,1980,7376972
1601,New Jersey,1981,7407508
1602,New Jersey,1982,7431031
1603,New Jersey,1983,7467818
1604,New Jersey,1984,7515486
1605,New Jersey,1985,7565511
1606,New Jersey,1986,7622189
1607,New Jersey,1987,7670784
1608,New Jersey,1988,7712352
1609,New Jersey,1989,7726114
1610,New Jersey,1990,7757613
1611,New Jersey,1991,7787764
1612,New Jersey,1992,7831729
1613,New Jersey,1993,7878181
1614,New Jersey,1994,7921553
1615,New Jersey,1995,7968225
1616,New Jersey,1996,8012140
1617,New Jersey,1997,8058675
1618,New Jersey,1998,8104405
1619,New Jersey,1999,8153427
1620,New Jersey,2000,8430621
1621,New Jersey,2001,8492671
1622,New Jersey,2002,8552643
1623,New Jersey,2003,8601402
1624,New Jersey,2004,8634561
1625,New Jersey,2005,8651974
1626,New Jersey,2006,8661679
1627,New Jersey,2007,8677885
1628,New Jersey,2008,8711090
1629,New Jersey,2009,8755602
1630,New Jersey,2010,8799446
1631,New Jersey,2011,8828117
1632,New Jersey,2012,8844942
1633,New Jersey,2013,8856972
1634,New Jersey,2014,8864525
1635,New Jersey,2015,8867949
1636,New Jersey,2016,8870827
1637,New Jersey,2017,8885525
1638,New Jersey,2018,8886025
1639,New Jersey,2019,8882190
1640,New Jersey,2020,9271689
1641,New Jersey,2021,9267961
1642,New Jersey,2022,9261699
1643,New Mexico,1970,1024290
1644,New Mexico,1971,1053333
1645,New Mexico,1972,1077889
1646,New Mexico,1973,1104347
1647,New Mexico,1974,1129663
1648,New Mexico,1975,1162743
1649,New Mexico,1976,1195208
1650,New Mexico,1977,1225310
1651,New Mexico,1978,1251898
1652,New Mexico,1979,1280594
1653,New Mexico,1980,1309108
1654,New Mexico,1981,1332768
1655,New Mexico,1982,1363854
1656,New Mexico,1983,1394380
1657,New Mexico,1984,1416763
1658,New Mexico,1985,1438385
1659,New Mexico,1986,1462762
1660,New Mexico,1987,1478507
1661,New Mexico,1988,1490356
1662,New Mexico,1989,1503936
1663,New Mexico,1990,1519956
1664,New Mexico,1991,1547045
1665,New Mexico,1992,1580223
1666,New Mexico,1993,1614023
1667,New Mexico,1994,1652327
1668,New Mexico,1995,1682525
1669,New Mexico,1996,1706588
1670,New Mexico,1997,1721386
1671,New Mexico,1998,1732400
1672,New Mexico,1999,1739332
1673,New Mexico,2000,1821204
1674,New Mexico,2001,1831690
1675,New Mexico,2002,1855309
1676,New Mexico,2003,1877574
1677,New Mexico,2004,1903808
1678,New Mexico,2005,1932274
1679,New Mexico,2006,1962137
1680,New Mexico,2007,1990070
1681,New Mexico,2008,2010662
1682,New Mexico,2009,2036802
1683,New Mexico,2010,2064552
1684,New Mexico,2011,2080450
1685,New Mexico,2012,2087309
1686,New Mexico,2013,2092273
1687,New Mexico,2014,2089568
1688,New Mexico,2015,2089291
1689,New Mexico,2016,2091630
1690,New Mexico,2017,2091784
1691,New Mexico,2018,2092741
1692,New Mexico,2019,2096829
1693,New Mexico,2020,2118390
1694,New Mexico,2021,2116677
1695,New Mexico,2022,2113344
1696,New York,1970,18266034
1697,New York,1971,18364991
1698,New York,1972,18351888
1699,New York,1973,18194899
1700,New York,1974,18072890
1701,New York,1975,18032337
1702,New York,1976,17974781
1703,New York,1977,17851561
1704,New York,1978,17720503
1705,New York,1979,17633759
1706,New York,1980,17566376
1707,New York,1981,17567730
1708,New York,1982,17589772
1709,New York,1983,17686905
1710,New York,1984,17745710
1711,New York,1985,17791750
1712,New York,1986,17833489
1713,New York,1987,17868881
1714,New York,1988,17941357
1715,New York,1989,17983082
1716,New York,1990,18003744
1717,New York,1991,18036925
1718,New York,1992,18091751
1719,New York,1993,18149989
1720,New York,1994,18164519
1721,New York,1995,18158980
1722,New York,1996,18152399
1723,New York,1997,18148675
1724,New York,1998,18174556
1725,New York,1999,18226519
1726,New York,2000,19001780
1727,New York,2001,19082838
1728,New York,2002,19137800
1729,New York,2003,19175939
1730,New York,2004,19171567
1731,New York,2005,19132610
1732,New York,2006,19104631
1733,New York,2007,19132335
1734,New York,2008,19212436
1735,New York,2009,19307066
1736,New York,2010,19399878
1737,New York,2011,19499241
1738,New York,2012,19572932
1739,New York,2013,19624447
1740,New York,2014,19651049
1741,New York,2015,19654666
1742,New York,2016,19633428
1743,New York,2017,19589572
1744,New York,2018,19530351
1745,New York,2019,19453561
1746,New York,2020,20108296
1747,New York,2021,19857492
1748,New York,2022,19677151
1749,North Carolina,1970,5107138
1750,North Carolina,1971,5200624
1751,North Carolina,1972,5296063
1752,North Carolina,1973,5382396
1753,North Carolina,1974,5461082
1754,North Carolina,1975,5535035
1755,North Carolina,1976,5593340
1756,North Carolina,1977,5668363
1757,North Carolina,1978,5739221
1758,North Carolina,1979,5801496
1759,North Carolina,1980,5896178
1760,North Carolina,1981,5956718
1761,North Carolina,1982,6019166
1762,North Carolina,1983,6077149
1763,North Carolina,1984,6164036
1764,North Carolina,1985,6253991
1765,North Carolina,1986,6321646
1766,North Carolina,1987,6403731
1767,North Carolina,1988,6480675
1768,North Carolina,1989,6565546
1769,North Carolina,1990,6657142
1770,North Carolina,1991,6749306
1771,North Carolina,1992,6833245
1772,North Carolina,1993,6948605
1773,North Carolina,1994,7061926
1774,North Carolina,1995,7186609
1775,North Carolina,1996,7308907
1776,North Carolina,1997,7430243
1777,North Carolina,1998,7546582
1778,North Carolina,1999,7650268
1779,North Carolina,2000,8081614
1780,North Carolina,2001,8210122
1781,North Carolina,2002,8326201
1782,North Carolina,2003,8422501
1783,North Carolina,2004,8553152
1784,North Carolina,2005,8705407
1785,North Carolina,2006,8917270
1786,North Carolina,2007,9118037
1787,North Carolina,2008,9309449
1788,North Carolina,2009,9449566
1789,North Carolina,2010,9574323
1790,North Carolina,2011,9657592
1791,North Carolina,2012,9749476
1792,North Carolina,2013,9843336
1793,North Carolina,2014,9932887
1794,North Carolina,2015,10031646
1795,North Carolina,2016,10154788
1796,North Carolina,2017,10268233
1797,North Carolina,2018,10381615
1798,North Carolina,2019,10488084
1799,North Carolina,2020,10449445
1800,North Carolina,2021,10565885
1801,North Carolina,2022,10698973
1802,North Dakota,1970,619616
1803,North Dakota,1971,626814
1804,North Dakota,1972,631073
1805,North Dakota,1973,632500
1806,North Dakota,1974,634267
1807,North Dakota,1975,638605
1808,North Dakota,1976,645429
1809,North Dakota,1977,649294
1810,North Dakota,1978,650802
1811,North Dakota,1979,652317
1812,North Dakota,1980,654501
1813,North Dakota,1981,659494
1814,North Dakota,1982,668960
1815,North Dakota,1983,676664
1816,North Dakota,1984,680484
1817,North Dakota,1985,676978
1818,North Dakota,1986,669520
1819,North Dakota,1987,661140
1820,North Dakota,1988,655324
1821,North Dakota,1989,646359
1822,North Dakota,1990,637389
1823,North Dakota,1991,634287
1824,North Dakota,1992,635552
1825,North Dakota,1993,637335
1826,North Dakota,1994,639671
1827,North Dakota,1995,641464
1828,North Dakota,1996,642762
1829,North Dakota,1997,640903
1830,North Dakota,1998,637553
1831,North Dakota,1999,633129
1832,North Dakota,2000,642023
1833,North Dakota,2001,639062
1834,North Dakota,2002,638168
1835,North Dakota,2003,638817
1836,North Dakota,2004,644705
1837,North Dakota,2005,646089
1838,North Dakota,2006,649422
1839,North Dakota,2007,652822
1840,North Dakota,2008,657569
1841,North Dakota,2009,664968
1842,North Dakota,2010,674715
1843,North Dakota,2011,685225
1844,North Dakota,2012,701176
1845,North Dakota,2013,722036
1846,North Dakota,2014,737401
1847,North Dakota,2015,754066
1848,North Dakota,2016,754434
1849,North Dakota,2017,754942
1850,North Dakota,2018,758080
1851,North Dakota,2019,762062
1852,North Dakota,2020,779518
1853,North Dakota,2021,777934
1854,North Dakota,2022,779261
1855,Ohio,1970,10672784
1856,Ohio,1971,10734897
1857,Ohio,1972,10747042
1858,Ohio,1973,10767335
1859,Ohio,1974,10765749
1860,Ohio,1975,10770620
1861,Ohio,1976,10752843
1862,Ohio,1977,10771362
1863,Ohio,1978,10795544
1864,Ohio,1979,10798677
1865,Ohio,1980,10803551
1866,Ohio,1981,10788342
1867,Ohio,1982,10757118
1868,Ohio,1983,10737664
1869,Ohio,1984,10737767
1870,Ohio,1985,10734943
1871,Ohio,1986,10730284
1872,Ohio,1987,10760062
1873,Ohio,1988,10798630
1874,Ohio,1989,10829255
1875,Ohio,1990,10861944
1876,Ohio,1991,10934551
1877,Ohio,1992,11009068
1878,Ohio,1993,11071727
1879,Ohio,1994,11114092
1880,Ohio,1995,11155565
1881,Ohio,1996,11186963
1882,Ohio,1997,11212937
1883,Ohio,1998,11238448
1884,Ohio,1999,11253809
1885,Ohio,2000,11363543
1886,Ohio,2001,11387404
1887,Ohio,2002,11407889
1888,Ohio,2003,11434788
1889,Ohio,2004,11452251
1890,Ohio,2005,11463320
1891,Ohio,2006,11481213
1892,Ohio,2007,11500468
1893,Ohio,2008,11515391
1894,Ohio,2009,11528896
1895,Ohio,2010,11539336
1896,Ohio,2011,11544663
1897,Ohio,2012,11548923
1898,Ohio,2013,11576684
1899,Ohio,2014,11602700
1900,Ohio,2015,11617527
1901,Ohio,2016,11634370
1902,Ohio,2017,11659650
1903,Ohio,2018,11676341
1904,Ohio,2019,11689100
1905,Ohio,2020,11797517
1906,Ohio,2021,11764342
1907,Ohio,2022,11756058
1908,Oklahoma,1970,2570926
1909,Oklahoma,1971,2618115
1910,Oklahoma,1972,2657777
1911,Oklahoma,1973,2694412
1912,Oklahoma,1974,2732590
1913,Oklahoma,1975,2771958
1914,Oklahoma,1976,2823332
1915,Oklahoma,1977,2865865
1916,Oklahoma,1978,2912963
1917,Oklahoma,1979,2970069
1918,Oklahoma,1980,3040067
1919,Oklahoma,1981,3096133
1920,Oklahoma,1982,3206103
1921,Oklahoma,1983,3290412
1922,Oklahoma,1984,3285581
1923,Oklahoma,1985,3271395
1924,Oklahoma,1986,3252756
1925,Oklahoma,1987,3210172
1926,Oklahoma,1988,3167148
1927,Oklahoma,1989,3150372
1928,Oklahoma,1990,3147108
1929,Oklahoma,1991,3166769
1930,Oklahoma,1992,3204656
1931,Oklahoma,1993,3229220
1932,Oklahoma,1994,3250596
1933,Oklahoma,1995,3270527
1934,Oklahoma,1996,3294973
1935,Oklahoma,1997,3320110
1936,Oklahoma,1998,3344727
1937,Oklahoma,1999,3368915
1938,Oklahoma,2000,3454365
1939,Oklahoma,2001,3467100
1940,Oklahoma,2002,3489080
1941,Oklahoma,2003,3504892
1942,Oklahoma,2004,3525233
1943,Oklahoma,2005,3548597
1944,Oklahoma,2006,3594090
1945,Oklahoma,2007,3634349
1946,Oklahoma,2008,3668976
1947,Oklahoma,2009,3717572
1948,Oklahoma,2010,3759944
1949,Oklahoma,2011,3788379
1950,Oklahoma,2012,3818814
1951,Oklahoma,2013,3853214
1952,Oklahoma,2014,3878187
1953,Oklahoma,2015,3909500
1954,Oklahoma,2016,3926331
1955,Oklahoma,2017,3931316
1956,Oklahoma,2018,3940235
1957,Oklahoma,2019,3956971
1958,Oklahoma,2020,3964912
1959,Oklahoma,2021,3991225
1960,Oklahoma,2022,4019800
1961,Oregon,1970,2103151
1962,Oregon,1971,2149942
1963,Oregon,1972,2195316
1964,Oregon,1973,2238985
1965,Oregon,1974,2281008
1966,Oregon,1975,2324646
1967,Oregon,1976,2372217
1968,Oregon,1977,2439477
1969,Oregon,1978,2509658
1970,Oregon,1979,2578367
1971,Oregon,1980,2642128
1972,Oregon,1981,2667999
1973,Oregon,1982,2664930
1974,Oregon,1983,2653095
1975,Oregon,1984,2666598
1976,Oregon,1985,2672681
1977,Oregon,1986,2683537
1978,Oregon,1987,2701015
1979,Oregon,1988,2741316
1980,Oregon,1989,2790579
1981,Oregon,1990,2858571
1982,Oregon,1991,2919230
1983,Oregon,1992,2974627
1984,Oregon,1993,3035060
1985,Oregon,1994,3087548
1986,Oregon,1995,3141881
1987,Oregon,1996,3195549
1988,Oregon,1997,3243505
1989,Oregon,1998,3282191
1990,Oregon,1999,3314122
1991,Oregon,2000,3429708
1992,Oregon,2001,3467937
1993,Oregon,2002,3513424
1994,Oregon,2003,3547376
1995,Oregon,2004,3569463
1996,Oregon,2005,3613202
1997,Oregon,2006,3670883
1998,Oregon,2007,3722417
1999,Oregon,2008,3768748
2000,Oregon,2009,3808600
2001,Oregon,2010,3837491
2002,Oregon,2011,3872036
2003,Oregon,2012,3899001
2004,Oregon,2013,3922468
2005,Oregon,2014,3963244
2006,Oregon,2015,4015792
2007,Oregon,2016,4089976
2008,Oregon,2017,4143625
2009,Oregon,2018,4181886
2010,Oregon,2019,4217737
2011,Oregon,2020,4244795
2012,Oregon,2021,4256301
2013,Oregon,2022,4240137
2014,Pennsylvania,1970,11817397
2015,Pennsylvania,1971,11884462
2016,Pennsylvania,1972,11904626
2017,Pennsylvania,1973,11885290
2018,Pennsylvania,1974,11864002
2019,Pennsylvania,1975,11897884
2020,Pennsylvania,1976,11887569
2021,Pennsylvania,1977,11881959
2022,Pennsylvania,1978,11864840
2023,Pennsylvania,1979,11873663
2024,Pennsylvania,1980,11872347
2025,Pennsylvania,1981,11858669
2026,Pennsylvania,1982,11845214
2027,Pennsylvania,1983,11837787
2028,Pennsylvania,1984,11815214
2029,Pennsylvania,1985,11770908
2030,Pennsylvania,1986,11782786
2031,Pennsylvania,1987,11810896
2032,Pennsylvania,1988,11845774
2033,Pennsylvania,1989,11866027
2034,Pennsylvania,1990,11895794
2035,Pennsylvania,1991,11944456
2036,Pennsylvania,1992,11981357
2037,Pennsylvania,1993,12021282
2038,Pennsylvania,1994,12037435
2039,Pennsylvania,1995,12040086
2040,Pennsylvania,1996,12032709
2041,Pennsylvania,1997,12010957
2042,Pennsylvania,1998,11999656
2043,Pennsylvania,1999,11988687
2044,Pennsylvania,2000,12284173
2045,Pennsylvania,2001,12298970
2046,Pennsylvania,2002,12331031
2047,Pennsylvania,2003,12374658
2048,Pennsylvania,2004,12410722
2049,Pennsylvania,2005,12449990
2050,Pennsylvania,2006,12510809
2051,Pennsylvania,2007,12563937
2052,Pennsylvania,2008,12612285
2053,Pennsylvania,2009,12666858
2054,Pennsylvania,2010,12711160
2055,Pennsylvania,2011,12745815
2056,Pennsylvania,2012,12767118
2057,Pennsylvania,2013,12776309
2058,Pennsylvania,2014,12788313
2059,Pennsylvania,2015,12784826
2060,Pennsylvania,2016,12782275
2061,Pennsylvania,2017,12787641
2062,Pennsylvania,2018,12800922
2063,Pennsylvania,2019,12801989
2064,Pennsylvania,2020,12994440
2065,Pennsylvania,2021,13012059
2066,Pennsylvania,2022,12972008
2067,Rhode Island,1970,952555
2068,Rhode Island,1971,963988
2069,Rhode Island,1972,976384
2070,Rhode Island,1973,978018
2071,Rhode Island,1974,953519
2072,Rhode Island,1975,946352
2073,Rhode Island,1976,950328
2074,Rhode Island,1977,955133
2075,Rhode Island,1978,957247
2076,Rhode Island,1979,956651
2077,Rhode Island,1980,949207
2078,Rhode Island,1981,953015
2079,Rhode Island,1982,954178
2080,Rhode Island,1983,956378
2081,Rhode Island,1984,961898
2082,Rhode Island,1985,968958
2083,Rhode Island,1986,977341
2084,Rhode Island,1987,989597
2085,Rhode Island,1988,996406
2086,Rhode Island,1989,1000670
2087,Rhode Island,1990,1004653
2088,Rhode Island,1991,1003936
2089,Rhode Island,1992,1000515
2090,Rhode Island,1993,997715
2091,Rhode Island,1994,993297
2092,Rhode Island,1995,989114
2093,Rhode Island,1996,987720
2094,Rhode Island,1997,986891
2095,Rhode Island,1998,987326
2096,Rhode Island,1999,991054
2097,Rhode Island,2000,1050268
2098,Rhode Island,2001,1057142
2099,Rhode Island,2002,1065995
2100,Rhode Island,2003,1071342
2101,Rhode Island,2004,1074579
2102,Rhode Island,2005,1067916
2103,Rhode Island,2006,1063096
2104,Rhode Island,2007,1057315
2105,Rhode Island,2008,1055003
2106,Rhode Island,2009,1053646
2107,Rhode Island,2010,1053959
2108,Rhode Island,2011,1053649
2109,Rhode Island,2012,1054621
2110,Rhode Island,2013,1055081
2111,Rhode Island,2014,1055936
2112,Rhode Island,2015,1056065
2113,Rhode Island,2016,1056770
2114,Rhode Island,2017,1055673
2115,Rhode Island,2018,1058287
2116,Rhode Island,2019,1059361
2117,Rhode Island,2020,1096345
2118,Rhode Island,2021,1096985
2119,Rhode Island,2022,1093734
2120,South Carolina,1970,2604662
2121,South Carolina,1971,2661616
2122,South Carolina,1972,2718294
2123,South Carolina,1973,2775339
2124,South Carolina,1974,2843112
2125,South Carolina,1975,2900130
2126,South Carolina,1976,2941304
2127,South Carolina,1977,2988908
2128,South Carolina,1978,3041015
2129,South Carolina,1979,3086840
2130,South Carolina,1980,3132387
2131,South Carolina,1981,3179269
2132,South Carolina,1982,3207614
2133,South Carolina,1983,3234093
2134,South Carolina,1984,3271923
2135,South Carolina,1985,3303250
2136,South Carolina,1986,3342740
2137,South Carolina,1987,3380520
2138,South Carolina,1988,3412102
2139,South Carolina,1989,3456772
2140,South Carolina,1990,3499075
2141,South Carolina,1991,3559804
2142,South Carolina,1992,3601061
2143,South Carolina,1993,3634976
2144,South Carolina,1994,3667673
2145,South Carolina,1995,3701082
2146,South Carolina,1996,3738446
2147,South Carolina,1997,3791374
2148,South Carolina,1998,3840071
2149,South Carolina,1999,3884591
2150,South Carolina,2000,4024223
2151,South Carolina,2001,4064995
2152,South Carolina,2002,4107795
2153,South Carolina,2003,4150297
2154,South Carolina,2004,4210921
2155,South Carolina,2005,4270150
2156,South Carolina,2006,4357847
2157,South Carolina,2007,4444110
2158,South Carolina,2008,4528996
2159,South Carolina,2009,4589872
2160,South Carolina,2010,4635649
2161,South Carolina,2011,4671994
2162,South Carolina,2012,4717354
2163,South Carolina,2013,4764080
2164,South Carolina,2014,4823617
2165,South Carolina,2015,4891938
2166,South Carolina,2016,4957968
2167,South Carolina,2017,5021268
2168,South Carolina,2018,5084156
2169,South Carolina,2019,5148714
2170,South Carolina,2020,5131848
2171,South Carolina,2021,5193266
2172,South Carolina,2022,5282634
2173,South Dakota,1970,667299
2174,South Dakota,1971,671564
2175,South Dakota,1972,677476
2176,South Dakota,1973,678998
2177,South Dakota,1974,679892
2178,South Dakota,1975,681489
2179,South Dakota,1976,686917
2180,South Dakota,1977,689104
2181,South Dakota,1978,689368
2182,South Dakota,1979,689106
2183,South Dakota,1980,690713
2184,South Dakota,1981,689582
2185,South Dakota,1982,690586
2186,South Dakota,1983,693017
2187,South Dakota,1984,697207
2188,South Dakota,1985,698404
2189,South Dakota,1986,696014
2190,South Dakota,1987,696032
2191,South Dakota,1988,698144
2192,South Dakota,1989,696787
2193,South Dakota,1990,696667
2194,South Dakota,1991,701488
2195,South Dakota,1992,708798
2196,South Dakota,1993,716311
2197,South Dakota,1994,723059
2198,South Dakota,1995,728290
2199,South Dakota,1996,730694
2200,South Dakota,1997,730890
2201,South Dakota,1998,730864
2202,South Dakota,1999,733291
2203,South Dakota,2000,755844
2204,South Dakota,2001,757972
2205,South Dakota,2002,760020
2206,South Dakota,2003,763729
2207,South Dakota,2004,770396
2208,South Dakota,2005,775493
2209,South Dakota,2006,783033
2210,South Dakota,2007,791623
2211,South Dakota,2008,799124
2212,South Dakota,2009,807067
2213,South Dakota,2010,816166
2214,South Dakota,2011,823579
2215,South Dakota,2012,833566
2216,South Dakota,2013,842316
2217,South Dakota,2014,849129
2218,South Dakota,2015,853988
2219,South Dakota,2016,862996
2220,South Dakota,2017,872868
2221,South Dakota,2018,878698
2222,South Dakota,2019,884659
2223,South Dakota,2020,887799
2224,South Dakota,2021,896164
2225,South Dakota,2022,909824
2226,Tennessee,1970,3942583
2227,Tennessee,1971,4010338
2228,Tennessee,1972,4088549
2229,Tennessee,1973,4138628
2230,Tennessee,1974,4201789
2231,Tennessee,1975,4260943
2232,Tennessee,1976,4329200
2233,Tennessee,1977,4401991
2234,Tennessee,1978,4461690
2235,Tennessee,1979,4533346
2236,Tennessee,1980,4600705
2237,Tennessee,1981,4627668
2238,Tennessee,1982,4646050
2239,Tennessee,1983,4659799
2240,Tennessee,1984,4686803
2241,Tennessee,1985,4715288
2242,Tennessee,1986,4738700
2243,Tennessee,1987,4782935
2244,Tennessee,1988,4822432
2245,Tennessee,1989,4854463
2246,Tennessee,1990,4890706
2247,Tennessee,1991,4947420
2248,Tennessee,1992,5014715
2249,Tennessee,1993,5086299
2250,Tennessee,1994,5163455
2251,Tennessee,1995,5241794
2252,Tennessee,1996,5314086
2253,Tennessee,1997,5379058
2254,Tennessee,1998,5432381
2255,Tennessee,1999,5483324
2256,Tennessee,2000,5703719
2257,Tennessee,2001,5750789
2258,Tennessee,2002,5795918
2259,Tennessee,2003,5847812
2260,Tennessee,2004,5910809
2261,Tennessee,2005,5991057
2262,Tennessee,2006,6088766
2263,Tennessee,2007,6175727
2264,Tennessee,2008,6247411
2265,Tennessee,2009,6306019
2266,Tennessee,2010,6355311
2267,Tennessee,2011,6399291
2268,Tennessee,2012,6453898
2269,Tennessee,2013,6494340
2270,Tennessee,2014,6541223
2271,Tennessee,2015,6591170
2272,Tennessee,2016,6646010
2273,Tennessee,2017,6708799
2274,Tennessee,2018,6771631
2275,Tennessee,2019,6829174
2276,Tennessee,2020,6925619
2277,Tennessee,2021,6968351
2278,Tennessee,2022,7051339
2279,Texas,1970,11260221
2280,Texas,1971,11510036
2281,Texas,1972,11759213
2282,Texas,1973,12019599
2283,Texas,1974,12268221
2284,Texas,1975,12568317
2285,Texas,1976,12903392
2286,Texas,1977,13192014
2287,Texas,1978,13497902
2288,Texas,1979,13887550
2289,Texas,1980,14337755
2290,Texas,1981,14746340
2291,Texas,1982,15331379
2292,Texas,1983,15751679
2293,Texas,1984,16007171
2294,Texas,1985,16272777
2295,Texas,1986,16561153
2296,Texas,1987,16621954
2297,Texas,1988,16667146
2298,Texas,1989,16806831
2299,Texas,1990,17045207
2300,Texas,1991,17339155
2301,Texas,1992,17651865
2302,Texas,1993,18002986
2303,Texas,1994,18353148
2304,Texas,1995,18694137
2305,Texas,1996,19020201
2306,Texas,1997,19363188
2307,Texas,1998,19721171
2308,Texas,1999,20060997
2309,Texas,2000,20944499
2310,Texas,2001,21319622
2311,Texas,2002,21690325
2312,Texas,2003,22030931
2313,Texas,2004,22394023
2314,Texas,2005,22778123
2315,Texas,2006,23359580
2316,Texas,2007,23831983
2317,Texas,2008,24309039
2318,Texas,2009,24801761
2319,Texas,2010,25241971
2320,Texas,2011,25645629
2321,Texas,2012,26084481
2322,Texas,2013,26480266
2323,Texas,2014,26964333
2324,Texas,2015,27470056
2325,Texas,2016,27914410
2326,Texas,2017,28295273
2327,Texas,2018,28628666
2328,Texas,2019,28995881
2329,Texas,2020,29232474
2330,Texas,2021,29558864
2331,Texas,2022,30029572
2332,Utah,1970,1067600
2333,Utah,1971,1100798
2334,Utah,1972,1134632
2335,Utah,1973,1168826
2336,Utah,1974,1198852
2337,Utah,1975,1233990
2338,Utah,1976,1272410
2339,Utah,1977,1316443
2340,Utah,1978,1364279
2341,Utah,1979,1416142
2342,Utah,1980,1473171
2343,Utah,1981,1515483
2344,Utah,1982,1558322
2345,Utah,1983,1594953
2346,Utah,1984,1622339
2347,Utah,1985,1642906
2348,Utah,1986,1662830
2349,Utah,1987,1678126
2350,Utah,1988,1689374
2351,Utah,1989,1705886
2352,Utah,1990,1729732
2353,Utah,1991,1772102
2354,Utah,1992,1822510
2355,Utah,1993,1877085
2356,Utah,1994,1931657
2357,Utah,1995,1977655
2358,Utah,1996,2023381
2359,Utah,1997,2066859
2360,Utah,1998,2104596
2361,Utah,1999,2133658
2362,Utah,2000,2244502
2363,Utah,2001,2283715
2364,Utah,2002,2324815
2365,Utah,2003,2360137
2366,Utah,2004,2401580
2367,Utah,2005,2457719
2368,Utah,2006,2525507
2369,Utah,2007,2597746
2370,Utah,2008,2663029
2371,Utah,2009,2723421
2372,Utah,2010,2775332
2373,Utah,2011,2814384
2374,Utah,2012,2853375
2375,Utah,2013,2897640
2376,Utah,2014,2936879
2377,Utah,2015,2981835
2378,Utah,2016,3041868
2379,Utah,2017,3101042
2380,Utah,2018,3153550
2381,Utah,2019,3205958
2382,Utah,2020,3283785
2383,Utah,2021,3339113
2384,Utah,2022,3380800
2385,Vermont,1970,446649
2386,Vermont,1971,454378
2387,Vermont,1972,463212
2388,Vermont,1973,468547
2389,Vermont,1974,473148
2390,Vermont,1975,479897
2391,Vermont,1976,485172
2392,Vermont,1977,492180
2393,Vermont,1978,498306
2394,Vermont,1979,505730
2395,Vermont,1980,512824
2396,Vermont,1981,515588
2397,Vermont,1982,519113
2398,Vermont,1983,523310
2399,Vermont,1984,526662
2400,Vermont,1985,530031
2401,Vermont,1986,534065
2402,Vermont,1987,540266
2403,Vermont,1988,549758
2404,Vermont,1989,557715
2405,Vermont,1990,564512
2406,Vermont,1991,567170
2407,Vermont,1992,570150
2408,Vermont,1993,573966
2409,Vermont,1994,578850
2410,Vermont,1995,582800
2411,Vermont,1996,586267
2412,Vermont,1997,588589
2413,Vermont,1998,590555
2414,Vermont,1999,593574
2415,Vermont,2000,609618
2416,Vermont,2001,612223
2417,Vermont,2002,615442
2418,Vermont,2003,617858
2419,Vermont,2004,619920
2420,Vermont,2005,621215
2421,Vermont,2006,622892
2422,Vermont,2007,623481
2423,Vermont,2008,624151
2424,Vermont,2009,624817
2425,Vermont,2010,625879
2426,Vermont,2011,627049
2427,Vermont,2012,626090
2428,Vermont,2013,626210
2429,Vermont,2014,625214
2430,Vermont,2015,625216
2431,Vermont,2016,623657
2432,Vermont,2017,624344
2433,Vermont,2018,624358
2434,Vermont,2019,623989
2435,Vermont,2020,642893
2436,Vermont,2021,646972
2437,Vermont,2022,647064
2438,Virginia,1970,4671101
2439,Virginia,1971,4752480
2440,Virginia,1972,4827910
2441,Virginia,1973,4906505
2442,Virginia,1974,4978036
2443,Virginia,1975,5056199
2444,Virginia,1976,5132519
2445,Virginia,1977,5205505
2446,Virginia,1978,5283888
2447,Virginia,1979,5324338
2448,Virginia,1980,5367648
2449,Virginia,1981,5444155
2450,Virginia,1982,5492848
2451,Virginia,1983,5564676
2452,Virginia,1984,5643937
2453,Virginia,1985,5715198
2454,Virginia,1986,5811695
2455,Virginia,1987,5932261
2456,Virginia,1988,6036907
2457,Virginia,1989,6120244
2458,Virginia,1990,6213734
2459,Virginia,1991,6285358
2460,Virginia,1992,6385473
2461,Virginia,1993,6467821
2462,Virginia,1994,6538330
2463,Virginia,1995,6603135
2464,Virginia,1996,6669956
2465,Virginia,1997,6734844
2466,Virginia,1998,6793358
2467,Virginia,1999,6878631
2468,Virginia,2000,7105817
2469,Virginia,2001,7198362
2470,Virginia,2002,7286873
2471,Virginia,2003,7366977
2472,Virginia,2004,7475575
2473,Virginia,2005,7577105
2474,Virginia,2006,7673725
2475,Virginia,2007,7751000
2476,Virginia,2008,7833496
2477,Virginia,2009,7925937
2478,Virginia,2010,8023699
2479,Virginia,2011,8101155
2480,Virginia,2012,8185080
2481,Virginia,2013,8252427
2482,Virginia,2014,8310993
2483,Virginia,2015,8361808
2484,Virginia,2016,8410106
2485,Virginia,2017,8463587
2486,Virginia,2018,8501286
2487,Virginia,2019,8535519
2488,Virginia,2020,8636471
2489,Virginia,2021,8657365
2490,Virginia,2022,8683619
2491,Washington,1970,3419974
2492,Washington,1971,3447070
2493,Washington,1972,3446895
2494,Washington,1973,3477308
2495,Washington,1974,3547959
2496,Washington,1975,3618928
2497,Washington,1976,3690628
2498,Washington,1977,3772421
2499,Washington,1978,3886250
2500,Washington,1979,4012909
2501,Washington,1980,4155198
2502,Washington,1981,4235733
2503,Washington,1982,4276533
2504,Washington,1983,4300267
2505,Washington,1984,4343670
2506,Washington,1985,4400084
2507,Washington,1986,4452726
2508,Washington,1987,4531896
2509,Washington,1988,4639911
2510,Washington,1989,4746314
2511,Washington,1990,4900906
2512,Washington,1991,5014723
2513,Washington,1992,5140740
2514,Washington,1993,5249425
2515,Washington,1994,5336245
2516,Washington,1995,5432380
2517,Washington,1996,5511105
2518,Washington,1997,5605785
2519,Washington,1998,5689954
2520,Washington,1999,5752518
2521,Washington,2000,5910512
2522,Washington,2001,5985722
2523,Washington,2002,6052349
2524,Washington,2003,6104115
2525,Washington,2004,6178645
2526,Washington,2005,6257305
2527,Washington,2006,6370753
2528,Washington,2007,6461587
2529,Washington,2008,6562231
2530,Washington,2009,6667426
2531,Washington,2010,6742830
2532,Washington,2011,6826627
2533,Washington,2012,6897058
2534,Washington,2013,6963985
2535,Washington,2014,7054655
2536,Washington,2015,7163657
2537,Washington,2016,7294771
2538,Washington,2017,7423362
2539,Washington,2018,7523869
2540,Washington,2019,7614893
2541,Washington,2020,7724031
2542,Washington,2021,7740745
2543,Washington,2022,7785786
2544,West Virginia,1970,1749347
2545,West Virginia,1971,1770346
2546,West Virginia,1972,1796949
2547,West Virginia,1973,1805347
2548,West Virginia,1974,1814115
2549,West Virginia,1975,1840660
2550,West Virginia,1976,1877536
2551,West Virginia,1977,1905696
2552,West Virginia,1978,1920428
2553,West Virginia,1979,1939112
2554,West Virginia,1980,1952874
2555,West Virginia,1981,1954105
2556,West Virginia,1982,1949642
2557,West Virginia,1983,1945096
2558,West Virginia,1984,1927675
2559,West Virginia,1985,1906823
2560,West Virginia,1986,1882351
2561,West Virginia,1987,1857590
2562,West Virginia,1988,1830227
2563,West Virginia,1989,1806569
2564,West Virginia,1990,1792476
2565,West Virginia,1991,1798318
2566,West Virginia,1992,1805644
2567,West Virginia,1993,1816334
2568,West Virginia,1994,1818776
2569,West Virginia,1995,1821583
2570,West Virginia,1996,1820173
2571,West Virginia,1997,1815981
2572,West Virginia,1998,1811952
2573,West Virginia,1999,1807550
2574,West Virginia,2000,1807021
2575,West Virginia,2001,1801481
2576,West Virginia,2002,1805414
2577,West Virginia,2003,1812295
2578,West Virginia,2004,1816438
2579,West Virginia,2005,1820492
2580,West Virginia,2006,1827912
2581,West Virginia,2007,1834052
2582,West Virginia,2008,1840310
2583,West Virginia,2009,1847775
2584,West Virginia,2010,1854239
2585,West Virginia,2011,1856301
2586,West Virginia,2012,1856872
2587,West Virginia,2013,1853914
2588,West Virginia,2014,1849489
2589,West Virginia,2015,1842050
2590,West Virginia,2016,1831023
2591,West Virginia,2017,1817004
2592,West Virginia,2018,1804291
2593,West Virginia,2019,1792147
2594,West Virginia,2020,1791420
2595,West Virginia,2021,1785526
2596,West Virginia,2022,1775156
2597,Wisconsin,1970,4426419
2598,Wisconsin,1971,4460012
2599,Wisconsin,1972,4498455
2600,Wisconsin,1973,4518503
2601,Wisconsin,1974,4538220
2602,Wisconsin,1975,4569660
2603,Wisconsin,1976,4584747
2604,Wisconsin,1977,4613339
2605,Wisconsin,1978,4630998
2606,Wisconsin,1979,4665965
2607,Wisconsin,1980,4713991
2608,Wisconsin,1981,4726315
2609,Wisconsin,1982,4728879
2610,Wisconsin,1983,4721428
2611,Wisconsin,1984,4735588
2612,Wisconsin,1985,4747766
2613,Wisconsin,1986,4755646
2614,Wisconsin,1987,4777977
2615,Wisconsin,1988,4822365
2616,Wisconsin,1989,4856478
2617,Wisconsin,1990,4902342
2618,Wisconsin,1991,4953129
2619,Wisconsin,1992,5005020
2620,Wisconsin,1993,5055333
2621,Wisconsin,1994,5094966
2622,Wisconsin,1995,5136858
2623,Wisconsin,1996,5172699
2624,Wisconsin,1997,5199754
2625,Wisconsin,1998,5221927
2626,Wisconsin,1999,5247595
2627,Wisconsin,2000,5373999
2628,Wisconsin,2001,5406835
2629,Wisconsin,2002,5445162
2630,Wisconsin,2003,5479203
2631,Wisconsin,2004,5514026
2632,Wisconsin,2005,5546166
2633,Wisconsin,2006,5577655
2634,Wisconsin,2007,5610775
2635,Wisconsin,2008,5640996
2636,Wisconsin,2009,5669264
2637,Wisconsin,2010,5690475
2638,Wisconsin,2011,5705288
2639,Wisconsin,2012,5719960
2640,Wisconsin,2013,5736754
2641,Wisconsin,2014,5751525
2642,Wisconsin,2015,5760940
2643,Wisconsin,2016,5772628
2644,Wisconsin,2017,5790186
2645,Wisconsin,2018,5807406
2646,Wisconsin,2019,5822434
2647,Wisconsin,2020,5896271
2648,Wisconsin,2021,5880101
2649,Wisconsin,2022,5892539
2650,Wyoming,1970,333928
2651,Wyoming,1971,340058
2652,Wyoming,1972,346893
2653,Wyoming,1973,353385
2654,Wyoming,1974,364575
2655,Wyoming,1975,380537
2656,Wyoming,1976,395493
2657,Wyoming,1977,411606
2658,Wyoming,1978,430953
2659,Wyoming,1979,451894
2660,Wyoming,1980,474381
2661,Wyoming,1981,491700
2662,Wyoming,1982,506378
2663,Wyoming,1983,510350
2664,Wyoming,1984,504891
2665,Wyoming,1985,499688
2666,Wyoming,1986,495619
2667,Wyoming,1987,476974
2668,Wyoming,1988,465080
2669,Wyoming,1989,458376
2670,Wyoming,1990,453397
2671,Wyoming,1991,457761
2672,Wyoming,1992,463503
2673,Wyoming,1993,469013
2674,Wyoming,1994,474864
2675,Wyoming,1995,478400
2676,Wyoming,1996,480042
2677,Wyoming,1997,480006
2678,Wyoming,1998,479997
2679,Wyoming,1999,479582
2680,Wyoming,2000,494300
2681,Wyoming,2001,494657
2682,Wyoming,2002,500017
2683,Wyoming,2003,503453
2684,Wyoming,2004,509106
2685,Wyoming,2005,514157
2686,Wyoming,2006,522667
2687,Wyoming,2007,534876
2688,Wyoming,2008,546043
2689,Wyoming,2009,559851
2690,Wyoming,2010,564487
2691,Wyoming,2011,567299
2692,Wyoming,2012,576305
2693,Wyoming,2013,582122
2694,Wyoming,2014,582531
2695,Wyoming,2015,585613
2696,Wyoming,2016,584215
2697,Wyoming,2017,578931
2698,Wyoming,2018,577601
2699,Wyoming,2019,578759
2700,Wyoming,2020,577605
2701,Wyoming,2021,579483
2702,Wyoming,2022,581381
